posicion,nombre_cancion,nombre_artista,anio,letra,genero
1,Blinding Lights,The Weeknd,2013,I love it when you call me señorita,English
2,Levitating,Dua Lipa,2013,The club isn't the best place to find a lover,English
3,Shape of You,Ed Sheeran,2014,You know it's not the same as it was,English
4,Bad Guy,Billie Eilish,2015,I love it when you call me señorita,English
5,Rolling in the Deep,Adele,2011,Hate to give the satisfaction asking how you're doing now,English
6,Someone Like You,Adele,2018,Vivir mi vida la la la la,English
7,Perfect,Ed Sheeran,2018,"Baila, baila, baila conmigo esta noche",English
8,Peaches,Justin Bieber,2014,I can buy myself flowers,English
9,Flowers,Miley Cyrus,2017,There's a fire starting in my heart,English
10,Stay,The Kid LAROI,2024,I can buy myself flowers,English
11,As It Was,Harry Styles,2012,I got my peaches out in Georgia,English
12,Easy On Me,Adele,2011,The club isn't the best place to find a lover,English
13,Save Your Tears,The Weeknd,2013,There's a fire starting in my heart,English
14,Happier Than Ever,Billie Eilish,2023,I saw you dancing in a crowded room,English
15,Senorita,Shawn Mendes,2011,White shirt now red my bloody nose,English
16,Watermelon Sugar,Harry Styles,2022,"Dale, dale, dale, no pares",English
17,Anti-Hero,Taylor Swift,2012,Súbeme la radio que esta es mi canción,English
18,Vampire,Olivia Rodrigo,2022,I love it when you call me señorita,English
19,Don't Start Now,Dua Lipa,2016,You know it's not the same as it was,English
20,Industry Baby,Lil Nas X,2015,I saw you dancing in a crowded room,English
21,Someone You Loved,Lewis Capaldi,2021,White shirt now red my bloody nose,English
22,Can't Stop The Feeling,Justin Timberlake,2021,"Yo perreo sola, sola, sola, sola",English
23,Uptown Funk,Mark Ronson ft. Bruno Mars,2023,Yeah I've been tryna call I've been on my own for long enough,English
24,Thinking Out Loud,Ed Sheeran,2014,Yeah I've been tryna call I've been on my own for long enough,English
25,Royals,Lorde,2010,I love it when you call me señorita,English
26,Rolling in the Deep,Adele,2012,I got my peaches out in Georgia,English
27,Radioactive,Imagine Dragons,2010,"Yo perreo sola, sola, sola, sola",English
28,Titanium,David Guetta ft. Sia,2015,I found a love for me darling just dive right in,English
29,Counting Stars,OneRepublic,2013,Did a full 180 crazy thinking bout the way I was,English
30,Sucker,Jonas Brothers,2019,Yeah I've been tryna call I've been on my own for long enough,English
31,Bad Romance,Lady Gaga,2010,When I'm away from you I'm happier than ever,English
32,Poker Face,Lady Gaga,2022,Estoy enamorado de tu sonrisa,English
33,Firework,Katy Perry,2019,I can buy myself flowers,English
34,California Gurls,Katy Perry,2015,I do the same thing I told you that I never would,English
35,Call Me Maybe,Carly Rae Jepsen,2016,Vivir mi vida la la la la,English
36,Blurred Lines,Robin Thicke,2013,When I'm away from you I'm happier than ever,English
37,Happy,Pharrell Williams,2020,It's me hi I'm the problem it's me,English
38,All of Me,John Legend,2014,Estoy enamorado de tu sonrisa,English
39,Grenade,Bruno Mars,2017,"Yo perreo sola, sola, sola, sola",English
40,Just the Way You Are,Bruno Mars,2012,When I'm away from you I'm happier than ever,English
41,Wake Me Up,Avicii,2020,I love it when you call me señorita,English
42,Clocks,Coldplay,2020,There ain't no gold in this river,English
43,Viva La Vida,Coldplay,2022,If you wanna run away with me I know a galaxy,English
44,Someone Like You,Adele,2015,Baby back ayy couple racks ayy couple Grammys on him,English
45,Shallow,Lady Gaga & Bradley Cooper,2011,"No me acuerdo de tu nombre, baby",English
46,Rolling in the Deep,Adele,2011,I do the same thing I told you that I never would,English
47,Lose Yourself,Eminem,2015,You know it's not the same as it was,English
48,Love Yourself,Justin Bieber,2012,Estoy enamorado de tu sonrisa,English
49,Hotline Bling,Drake,2012,White shirt now red my bloody nose,English
50,God's Plan,Drake,2010,Baby back ayy couple racks ayy couple Grammys on him,English
51,One Dance,Drake,2016,There ain't no gold in this river,English
52,In My Feelings,Drake,2023,It's me hi I'm the problem it's me,English
53,Bad Habits,Ed Sheeran,2024,There's a fire starting in my heart,English
54,Memories,Maroon 5,2013,I saw you dancing in a crowded room,English
55,Rockstar,Post Malone,2014,You know it's not the same as it was,English
56,Circles,Post Malone,2011,Never mind I'll find someone like you,English
57,Montero (Call Me By Your Name),Lil Nas X,2020,It's me hi I'm the problem it's me,English
58,Old Town Road,Lil Nas X,2020,Súbeme la radio que esta es mi canción,English
59,Counting Stars,OneRepublic,2010,The club isn't the best place to find a lover,English
60,Photograph,Ed Sheeran,2021,"Baila, baila, baila conmigo esta noche",English
61,The A Team,Ed Sheeran,2015,The club isn't the best place to find a lover,English
62,My Universe,Coldplay & BTS,2019,I can buy myself flowers,English
63,Perfect Duet,Ed Sheeran & Beyonce,2017,"Baila, baila, baila conmigo esta noche",English
64,Humble,Kendrick Lamar,2012,Vivir mi vida la la la la,English
65,Sicko Mode,Travis Scott,2013,"Baila, baila, baila conmigo esta noche",English
66,Believer,Imagine Dragons,2017,Súbeme la radio que esta es mi canción,English
67,Thunder,Imagine Dragons,2012,I saw you dancing in a crowded room,English
68,Demons,Imagine Dragons,2020,White shirt now red my bloody nose,English
69,Cheap Thrills,Sia,2014,Vivir mi vida la la la la,English
70,Chandelier,Sia,2015,White shirt now red my bloody nose,English
71,Love Me Like You Do,Ellie Goulding,2018,I got my peaches out in Georgia,English
72,Bad Habits,Ed Sheeran,2015,"Dale, dale, dale, no pares",English
73,Love Story,Taylor Swift,2023,I saw you dancing in a crowded room,English
74,Blank Space,Taylor Swift,2020,I got my peaches out in Georgia,English
75,Shake It Off,Taylor Swift,2015,I found a love for me darling just dive right in,English
76,Delicate,Taylor Swift,2014,Hate to give the satisfaction asking how you're doing now,English
77,We Are Never Ever Getting Back Together,Taylor Swift,2013,Baby back ayy couple racks ayy couple Grammys on him,English
78,Lose You To Love Me,Selena Gomez,2015,Vivir mi vida la la la la,English
79,The Middle,"Zedd, Maren Morris & Grey",2010,I love it when you call me señorita,English
80,Levels,Avicii,2016,Vivir mi vida la la la la,English
81,Sweet But Psycho,Ava Max,2019,I love it when you call me señorita,English
82,Positions,Ariana Grande,2020,There ain't no gold in this river,English
83,7 rings,Ariana Grande,2015,When I'm away from you I'm happier than ever,English
84,"Thank U, Next",Ariana Grande,2014,There's a fire starting in my heart,English
85,No Tears Left To Cry,Ariana Grande,2013,Yeah I've been tryna call I've been on my own for long enough,English
86,Where Are Ü Now,Jack Ü & Justin Bieber,2020,Darte un beso sería todo lo que quiero,English
87,Stressed Out,Twenty One Pilots,2019,It's me hi I'm the problem it's me,English
88,Ride,Twenty One Pilots,2020,I saw you dancing in a crowded room,English
89,Heathens,Twenty One Pilots,2023,When I'm away from you I'm happier than ever,English
90,Pompeii,Bastille,2019,There ain't no gold in this river,English
91,Somebody That I Used To Know,Gotye,2016,I like it when you call me señorita,English
92,Wake Up,The Vamps,2016,Vivir mi vida la la la la,English
93,Kids,MGMT,2010,There ain't no gold in this river,English
94,Blinding Lights,The Weeknd,2024,White shirt now red my bloody nose,English
95,Levitating,Dua Lipa,2010,I found a love for me darling just dive right in,English
96,Shape of You,Ed Sheeran,2017,Yeah I've been tryna call I've been on my own for long enough,English
97,Bad Guy,Billie Eilish,2016,It's me hi I'm the problem it's me,English
98,Rolling in the Deep,Adele,2022,I like it when you call me señorita,English
99,Someone Like You,Adele,2024,Estoy enamorado de tu sonrisa,English
100,Perfect,Ed Sheeran,2017,I can buy myself flowers,English
101,Peaches,Justin Bieber,2021,"Baila, baila, baila conmigo esta noche",English
102,Flowers,Miley Cyrus,2016,Súbeme la radio que esta es mi canción,English
103,Stay,The Kid LAROI,2024,Yeah I've been tryna call I've been on my own for long enough,English
104,As It Was,Harry Styles,2011,White shirt now red my bloody nose,English
105,Easy On Me,Adele,2011,There ain't no gold in this river,English
106,Save Your Tears,The Weeknd,2024,The club isn't the best place to find a lover,English
107,Happier Than Ever,Billie Eilish,2024,Tastes like strawberries on a summer evenin',English
108,Senorita,Shawn Mendes,2022,Estoy enamorado de tu sonrisa,English
109,Watermelon Sugar,Harry Styles,2016,The club isn't the best place to find a lover,English
110,Anti-Hero,Taylor Swift,2018,I can buy myself flowers,English
111,Vampire,Olivia Rodrigo,2013,Baby back ayy couple racks ayy couple Grammys on him,English
112,Don't Start Now,Dua Lipa,2017,Súbeme la radio que esta es mi canción,English
113,Industry Baby,Lil Nas X,2012,If you wanna run away with me I know a galaxy,English
114,Someone You Loved,Lewis Capaldi,2024,It's me hi I'm the problem it's me,English
115,Can't Stop The Feeling,Justin Timberlake,2010,There ain't no gold in this river,English
116,Uptown Funk,Mark Ronson ft. Bruno Mars,2016,It's me hi I'm the problem it's me,English
117,Thinking Out Loud,Ed Sheeran,2017,I like it when you call me señorita,English
118,Royals,Lorde,2011,You know it's not the same as it was,English
119,Rolling in the Deep,Adele,2016,Yeah I've been tryna call I've been on my own for long enough,English
120,Radioactive,Imagine Dragons,2021,Baby back ayy couple racks ayy couple Grammys on him,English
121,Titanium,David Guetta ft. Sia,2020,Estoy enamorado de tu sonrisa,English
122,Counting Stars,OneRepublic,2013,I like it when you call me señorita,English
123,Sucker,Jonas Brothers,2010,Tastes like strawberries on a summer evenin',English
124,Bad Romance,Lady Gaga,2017,I like it when you call me señorita,English
125,Poker Face,Lady Gaga,2021,I can buy myself flowers,English
126,Firework,Katy Perry,2021,If you wanna run away with me I know a galaxy,English
127,California Gurls,Katy Perry,2022,There's a fire starting in my heart,English
128,Call Me Maybe,Carly Rae Jepsen,2011,Tastes like strawberries on a summer evenin',English
129,Blurred Lines,Robin Thicke,2013,When I'm away from you I'm happier than ever,English
130,Happy,Pharrell Williams,2017,"Dale, dale, dale, no pares",English
131,All of Me,John Legend,2018,Yeah I've been tryna call I've been on my own for long enough,English
132,Grenade,Bruno Mars,2020,Never mind I'll find someone like you,English
133,Just the Way You Are,Bruno Mars,2023,I found a love for me darling just dive right in,English
134,Wake Me Up,Avicii,2015,"Yo perreo sola, sola, sola, sola",English
135,Clocks,Coldplay,2013,It's me hi I'm the problem it's me,English
136,Viva La Vida,Coldplay,2019,I got my peaches out in Georgia,English
137,Someone Like You,Adele,2024,Tastes like strawberries on a summer evenin',English
138,Shallow,Lady Gaga & Bradley Cooper,2014,"No me acuerdo de tu nombre, baby",English
139,Rolling in the Deep,Adele,2018,When I'm away from you I'm happier than ever,English
140,Lose Yourself,Eminem,2019,There ain't no gold in this river,English
141,Love Yourself,Justin Bieber,2023,There ain't no gold in this river,English
142,Hotline Bling,Drake,2024,Did a full 180 crazy thinking bout the way I was,English
143,God's Plan,Drake,2010,I got my peaches out in Georgia,English
144,One Dance,Drake,2012,I like it when you call me señorita,English
145,In My Feelings,Drake,2013,I do the same thing I told you that I never would,English
146,Bad Habits,Ed Sheeran,2020,Did a full 180 crazy thinking bout the way I was,English
147,Memories,Maroon 5,2015,Baby back ayy couple racks ayy couple Grammys on him,English
148,Rockstar,Post Malone,2019,There's a fire starting in my heart,English
149,Circles,Post Malone,2012,Estoy enamorado de tu sonrisa,English
150,Montero (Call Me By Your Name),Lil Nas X,2011,Did a full 180 crazy thinking bout the way I was,English
151,Old Town Road,Lil Nas X,2023,Darte un beso sería todo lo que quiero,English
152,Counting Stars,OneRepublic,2016,Estoy enamorado de tu sonrisa,English
153,Photograph,Ed Sheeran,2024,I do the same thing I told you that I never would,English
154,The A Team,Ed Sheeran,2022,Yeah I've been tryna call I've been on my own for long enough,English
155,My Universe,Coldplay & BTS,2024,When I'm away from you I'm happier than ever,English
156,Perfect Duet,Ed Sheeran & Beyonce,2024,Vivir mi vida la la la la,English
157,Humble,Kendrick Lamar,2021,Never mind I'll find someone like you,English
158,Sicko Mode,Travis Scott,2016,There's a fire starting in my heart,English
159,Believer,Imagine Dragons,2017,Te boté pa' que sepas que tú no eres pa' mí,English
160,Thunder,Imagine Dragons,2020,I got my peaches out in Georgia,English
161,Demons,Imagine Dragons,2022,If you wanna run away with me I know a galaxy,English
162,Cheap Thrills,Sia,2010,Hate to give the satisfaction asking how you're doing now,English
163,Chandelier,Sia,2022,When I'm away from you I'm happier than ever,English
164,Love Me Like You Do,Ellie Goulding,2020,Baby back ayy couple racks ayy couple Grammys on him,English
165,Bad Habits,Ed Sheeran,2017,Baby back ayy couple racks ayy couple Grammys on him,English
166,Love Story,Taylor Swift,2021,Did a full 180 crazy thinking bout the way I was,English
167,Blank Space,Taylor Swift,2017,I like it when you call me señorita,English
168,Shake It Off,Taylor Swift,2019,"No me acuerdo de tu nombre, baby",English
169,Delicate,Taylor Swift,2019,It's me hi I'm the problem it's me,English
170,We Are Never Ever Getting Back Together,Taylor Swift,2021,Súbeme la radio que esta es mi canción,English
171,Lose You To Love Me,Selena Gomez,2024,I got my peaches out in Georgia,English
172,The Middle,"Zedd, Maren Morris & Grey",2017,"No me acuerdo de tu nombre, baby",English
173,Levels,Avicii,2015,When I'm away from you I'm happier than ever,English
174,Sweet But Psycho,Ava Max,2013,I saw you dancing in a crowded room,English
175,Positions,Ariana Grande,2022,Te boté pa' que sepas que tú no eres pa' mí,English
176,7 rings,Ariana Grande,2017,Te boté pa' que sepas que tú no eres pa' mí,English
177,"Thank U, Next",Ariana Grande,2014,"Baila, baila, baila conmigo esta noche",English
178,No Tears Left To Cry,Ariana Grande,2015,Estoy enamorado de tu sonrisa,English
179,Where Are Ü Now,Jack Ü & Justin Bieber,2019,Hate to give the satisfaction asking how you're doing now,English
180,Stressed Out,Twenty One Pilots,2011,I got my peaches out in Georgia,English
181,Ride,Twenty One Pilots,2017,White shirt now red my bloody nose,English
182,Heathens,Twenty One Pilots,2019,If you wanna run away with me I know a galaxy,English
183,Pompeii,Bastille,2014,There ain't no gold in this river,English
184,Somebody That I Used To Know,Gotye,2018,There ain't no gold in this river,English
185,Wake Up,The Vamps,2022,You know it's not the same as it was,English
186,Kids,MGMT,2018,I do the same thing I told you that I never would,English
187,Blinding Lights,The Weeknd,2012,"Dale, dale, dale, no pares",English
188,Levitating,Dua Lipa,2023,Did a full 180 crazy thinking bout the way I was,English
189,Shape of You,Ed Sheeran,2022,I got my peaches out in Georgia,English
190,Bad Guy,Billie Eilish,2021,Darte un beso sería todo lo que quiero,English
191,Rolling in the Deep,Adele,2013,It's me hi I'm the problem it's me,English
192,Someone Like You,Adele,2021,I can buy myself flowers,English
193,Perfect,Ed Sheeran,2021,"Baila, baila, baila conmigo esta noche",English
194,Peaches,Justin Bieber,2021,There ain't no gold in this river,English
195,Flowers,Miley Cyrus,2022,White shirt now red my bloody nose,English
196,Stay,The Kid LAROI,2016,It's me hi I'm the problem it's me,English
197,As It Was,Harry Styles,2022,Súbeme la radio que esta es mi canción,English
198,Easy On Me,Adele,2018,"Yo perreo sola, sola, sola, sola",English
199,Save Your Tears,The Weeknd,2021,Yeah I've been tryna call I've been on my own for long enough,English
200,Happier Than Ever,Billie Eilish,2022,"Dale, dale, dale, no pares",English
201,Senorita,Shawn Mendes,2011,I can buy myself flowers,English
202,Watermelon Sugar,Harry Styles,2012,"Dale, dale, dale, no pares",English
203,Anti-Hero,Taylor Swift,2016,White shirt now red my bloody nose,English
204,Vampire,Olivia Rodrigo,2024,I do the same thing I told you that I never would,English
205,Don't Start Now,Dua Lipa,2024,Tastes like strawberries on a summer evenin',English
206,Industry Baby,Lil Nas X,2020,Darte un beso sería todo lo que quiero,English
207,Someone You Loved,Lewis Capaldi,2013,"Yo perreo sola, sola, sola, sola",English
208,Can't Stop The Feeling,Justin Timberlake,2022,When I'm away from you I'm happier than ever,English
209,Uptown Funk,Mark Ronson ft. Bruno Mars,2024,If you wanna run away with me I know a galaxy,English
210,Thinking Out Loud,Ed Sheeran,2014,"Yo perreo sola, sola, sola, sola",English
211,Royals,Lorde,2015,When I'm away from you I'm happier than ever,English
212,Rolling in the Deep,Adele,2012,Yeah I've been tryna call I've been on my own for long enough,English
213,Radioactive,Imagine Dragons,2016,The club isn't the best place to find a lover,English
214,Titanium,David Guetta ft. Sia,2012,"No me acuerdo de tu nombre, baby",English
215,Counting Stars,OneRepublic,2013,Yeah I've been tryna call I've been on my own for long enough,English
216,Sucker,Jonas Brothers,2014,You know it's not the same as it was,English
217,Bad Romance,Lady Gaga,2024,"No me acuerdo de tu nombre, baby",English
218,Poker Face,Lady Gaga,2016,White shirt now red my bloody nose,English
219,Firework,Katy Perry,2010,It's me hi I'm the problem it's me,English
220,California Gurls,Katy Perry,2022,"Yo perreo sola, sola, sola, sola",English
221,Call Me Maybe,Carly Rae Jepsen,2014,Te boté pa' que sepas que tú no eres pa' mí,English
222,Blurred Lines,Robin Thicke,2019,"Baila, baila, baila conmigo esta noche",English
223,Happy,Pharrell Williams,2010,Súbeme la radio que esta es mi canción,English
224,All of Me,John Legend,2018,I love it when you call me señorita,English
225,Grenade,Bruno Mars,2014,Never mind I'll find someone like you,English
226,Just the Way You Are,Bruno Mars,2011,I saw you dancing in a crowded room,English
227,Wake Me Up,Avicii,2019,Yeah I've been tryna call I've been on my own for long enough,English
228,Clocks,Coldplay,2022,"Baila, baila, baila conmigo esta noche",English
229,Viva La Vida,Coldplay,2013,The club isn't the best place to find a lover,English
230,Someone Like You,Adele,2019,There ain't no gold in this river,English
231,Shallow,Lady Gaga & Bradley Cooper,2022,"Dale, dale, dale, no pares",English
232,Rolling in the Deep,Adele,2017,You know it's not the same as it was,English
233,Lose Yourself,Eminem,2024,Yeah I've been tryna call I've been on my own for long enough,English
234,Love Yourself,Justin Bieber,2016,Darte un beso sería todo lo que quiero,English
235,Hotline Bling,Drake,2012,White shirt now red my bloody nose,English
236,God's Plan,Drake,2011,Did a full 180 crazy thinking bout the way I was,English
237,One Dance,Drake,2016,Darte un beso sería todo lo que quiero,English
238,In My Feelings,Drake,2022,Darte un beso sería todo lo que quiero,English
239,Bad Habits,Ed Sheeran,2014,The club isn't the best place to find a lover,English
240,Memories,Maroon 5,2022,Yeah I've been tryna call I've been on my own for long enough,English
241,Rockstar,Post Malone,2017,"Dale, dale, dale, no pares",English
242,Circles,Post Malone,2012,There's a fire starting in my heart,English
243,Montero (Call Me By Your Name),Lil Nas X,2011,"Baila, baila, baila conmigo esta noche",English
244,Old Town Road,Lil Nas X,2020,Tastes like strawberries on a summer evenin',English
245,Counting Stars,OneRepublic,2015,"Dale, dale, dale, no pares",English
246,Photograph,Ed Sheeran,2021,Baby back ayy couple racks ayy couple Grammys on him,English
247,The A Team,Ed Sheeran,2010,Te boté pa' que sepas que tú no eres pa' mí,English
248,My Universe,Coldplay & BTS,2011,Baby back ayy couple racks ayy couple Grammys on him,English
249,Perfect Duet,Ed Sheeran & Beyonce,2024,I found a love for me darling just dive right in,English
250,Humble,Kendrick Lamar,2010,It's me hi I'm the problem it's me,English
251,Despacito,Luis Fonsi ft. Daddy Yankee,2016,"No me acuerdo de tu nombre, baby",Latin
252,Tusa,KAROL G & Nicki Minaj,2024,Vivir mi vida la la la la,Latin
253,Gasolina,Daddy Yankee,2013,It's me hi I'm the problem it's me,Latin
254,Dákiti,Bad Bunny & Jhay Cortez,2014,There ain't no gold in this river,Latin
255,La Canción,J Balvin & Bad Bunny,2015,Súbeme la radio que esta es mi canción,Latin
256,Baila Baila Baila,Ozuna,2017,It's me hi I'm the problem it's me,Latin
257,Hawái,Maluma,2011,Did a full 180 crazy thinking bout the way I was,Latin
258,Felices los 4,Maluma,2015,Tastes like strawberries on a summer evenin',Latin
259,Vivir Mi Vida,Marc Anthony,2014,Súbeme la radio que esta es mi canción,Latin
260,Mi Gente,J Balvin & Willy William,2020,I like it when you call me señorita,Latin
261,I Like It,"Cardi B, Bad Bunny & J Balvin",2011,I got my peaches out in Georgia,Latin
262,Provenza,Karol G,2016,Vivir mi vida la la la la,Latin
263,Propuesta Indecente,Romeo Santos,2010,When I'm away from you I'm happier than ever,Latin
264,Borro Cassette,Maluma,2019,If you wanna run away with me I know a galaxy,Latin
265,Mia,Bad Bunny ft. Drake,2022,Tastes like strawberries on a summer evenin',Latin
266,Callaita,Bad Bunny,2017,"Baila, baila, baila conmigo esta noche",Latin
267,Criminal,Natti Natasha & Ozuna,2023,Súbeme la radio que esta es mi canción,Latin
268,Danza Kuduro,Don Omar,2019,The club isn't the best place to find a lover,Latin
269,El Perdón,Nicky Jam & Enrique Iglesias,2012,When I'm away from you I'm happier than ever,Latin
270,Felices los 4,Maluma,2018,Vivir mi vida la la la la,Latin
271,Ahora Me Llama,Karol G & Bad Bunny,2022,There ain't no gold in this river,Latin
272,Safaera,Bad Bunny,2015,Never mind I'll find someone like you,Latin
273,China,"Anuel AA, Daddy Yankee, Karol G, Ozuna & J Balvin",2011,White shirt now red my bloody nose,Latin
274,Ella y Yo,Don Omar & Aventura,2019,Tastes like strawberries on a summer evenin',Latin
275,Mayores,Becky G ft. Bad Bunny,2023,Baby back ayy couple racks ayy couple Grammys on him,Latin
276,Loco Contigo,"DJ Snake, J Balvin & Tyga",2022,Súbeme la radio que esta es mi canción,Latin
277,Mocca,Shakira,2013,I found a love for me darling just dive right in,Latin
278,Waka Waka,Shakira,2022,I found a love for me darling just dive right in,Latin
279,"Whenever, Wherever",Shakira,2021,"No me acuerdo de tu nombre, baby",Latin
280,La bicicleta,Shakira & Carlos Vives,2023,I saw you dancing in a crowded room,Latin
281,Tusa,Karol G & Nicki Minaj,2015,"No me acuerdo de tu nombre, baby",Latin
282,Me Gusta,Anitta & Cardi B & Myke Towers,2010,You know it's not the same as it was,Latin
283,Caraluna,Bacilos,2016,I love it when you call me señorita,Latin
284,Rayando el Sol,Maná,2013,I can buy myself flowers,Latin
285,Labios Compartidos,Maná,2021,If you wanna run away with me I know a galaxy,Latin
286,Eres,Café Tacvba,2018,White shirt now red my bloody nose,Latin
287,Bailando,Enrique Iglesias,2011,I like it when you call me señorita,Latin
288,Darte un Beso,Prince Royce,2012,It's me hi I'm the problem it's me,Latin
289,Stand by Me (Spanish),Prince Royce,2011,"Yo perreo sola, sola, sola, sola",Latin
290,Darte un Beso,Prince Royce,2022,You know it's not the same as it was,Latin
291,Vente Pa' Ca,Ricky Martin & Maluma,2024,White shirt now red my bloody nose,Latin
292,La Bicicleta,Carlos Vives & Shakira,2019,I found a love for me darling just dive right in,Latin
293,Me Enamora,Juanes,2024,Never mind I'll find someone like you,Latin
294,A Dios Le Pido,Juanes,2017,"Baila, baila, baila conmigo esta noche",Latin
295,Fotografía,Juanes ft. Nelly Furtado,2024,Vivir mi vida la la la la,Latin
296,La Rompe Corazones,Daddy Yankee & Ozuna,2016,There ain't no gold in this river,Latin
297,Amorfoda,Bad Bunny,2015,Never mind I'll find someone like you,Latin
298,Solita,Bad Bunny,2012,Te boté pa' que sepas que tú no eres pa' mí,Latin
299,No Me Acuerdo,Thalía & Natti Natasha,2012,Te boté pa' que sepas que tú no eres pa' mí,Latin
300,La Gozadera,Gente de Zona & Marc Anthony,2018,"Baila, baila, baila conmigo esta noche",Latin
301,Carnaval,Maluma,2019,The club isn't the best place to find a lover,Latin
302,Yo Perreo Sola,Bad Bunny,2023,I found a love for me darling just dive right in,Latin
303,Adan y Eva,Paulo Londra,2022,"Baila, baila, baila conmigo esta noche",Latin
304,Te Boté,"Nio Garcia, Darell, Casper Magico, Bad Bunny",2020,I can buy myself flowers,Latin
305,Súbeme la Radio,Enrique Iglesias,2010,I can buy myself flowers,Latin
306,Ella Quiere Beber,Anuel AA & Romeo Santos,2016,Did a full 180 crazy thinking bout the way I was,Latin
307,Chantaje,Shakira ft. Maluma,2011,Hate to give the satisfaction asking how you're doing now,Latin
308,Prohibido,Karol G,2014,"Baila, baila, baila conmigo esta noche",Latin
309,Ritmo,Black Eyed Peas & J Balvin,2022,I got my peaches out in Georgia,Latin
310,Bonita,Jowell & Randy & J Balvin,2013,Never mind I'll find someone like you,Latin
311,Despacito,Luis Fonsi ft. Daddy Yankee,2015,"Baila, baila, baila conmigo esta noche",Latin
312,Tusa,KAROL G & Nicki Minaj,2012,Darte un beso sería todo lo que quiero,Latin
313,Gasolina,Daddy Yankee,2013,Never mind I'll find someone like you,Latin
314,Dákiti,Bad Bunny & Jhay Cortez,2010,It's me hi I'm the problem it's me,Latin
315,La Canción,J Balvin & Bad Bunny,2021,I love it when you call me señorita,Latin
316,Baila Baila Baila,Ozuna,2012,Te boté pa' que sepas que tú no eres pa' mí,Latin
317,Hawái,Maluma,2023,It's me hi I'm the problem it's me,Latin
318,Felices los 4,Maluma,2022,"No me acuerdo de tu nombre, baby",Latin
319,Vivir Mi Vida,Marc Anthony,2024,Baby back ayy couple racks ayy couple Grammys on him,Latin
320,Mi Gente,J Balvin & Willy William,2022,Te boté pa' que sepas que tú no eres pa' mí,Latin
321,I Like It,"Cardi B, Bad Bunny & J Balvin",2018,Vivir mi vida la la la la,Latin
322,Provenza,Karol G,2015,You know it's not the same as it was,Latin
323,Propuesta Indecente,Romeo Santos,2012,Súbeme la radio que esta es mi canción,Latin
324,Borro Cassette,Maluma,2019,It's me hi I'm the problem it's me,Latin
325,Mia,Bad Bunny ft. Drake,2014,"Dale, dale, dale, no pares",Latin
326,Callaita,Bad Bunny,2019,Yeah I've been tryna call I've been on my own for long enough,Latin
327,Criminal,Natti Natasha & Ozuna,2022,Never mind I'll find someone like you,Latin
328,Danza Kuduro,Don Omar,2017,Vivir mi vida la la la la,Latin
329,El Perdón,Nicky Jam & Enrique Iglesias,2013,Te boté pa' que sepas que tú no eres pa' mí,Latin
330,Felices los 4,Maluma,2015,I saw you dancing in a crowded room,Latin
331,Ahora Me Llama,Karol G & Bad Bunny,2014,When I'm away from you I'm happier than ever,Latin
332,Safaera,Bad Bunny,2014,It's me hi I'm the problem it's me,Latin
333,China,"Anuel AA, Daddy Yankee, Karol G, Ozuna & J Balvin",2018,"No me acuerdo de tu nombre, baby",Latin
334,Ella y Yo,Don Omar & Aventura,2012,"Baila, baila, baila conmigo esta noche",Latin
335,Mayores,Becky G ft. Bad Bunny,2014,There's a fire starting in my heart,Latin
336,Loco Contigo,"DJ Snake, J Balvin & Tyga",2020,I like it when you call me señorita,Latin
337,Mocca,Shakira,2015,Baby back ayy couple racks ayy couple Grammys on him,Latin
338,Waka Waka,Shakira,2018,You know it's not the same as it was,Latin
339,"Whenever, Wherever",Shakira,2022,Te boté pa' que sepas que tú no eres pa' mí,Latin
340,La bicicleta,Shakira & Carlos Vives,2011,I like it when you call me señorita,Latin
341,Tusa,Karol G & Nicki Minaj,2020,Súbeme la radio que esta es mi canción,Latin
342,Me Gusta,Anitta & Cardi B & Myke Towers,2010,"Baila, baila, baila conmigo esta noche",Latin
343,Caraluna,Bacilos,2014,Hate to give the satisfaction asking how you're doing now,Latin
344,Rayando el Sol,Maná,2017,Vivir mi vida la la la la,Latin
345,Labios Compartidos,Maná,2016,I like it when you call me señorita,Latin
346,Eres,Café Tacvba,2019,"Dale, dale, dale, no pares",Latin
347,Bailando,Enrique Iglesias,2022,When I'm away from you I'm happier than ever,Latin
348,Darte un Beso,Prince Royce,2012,Baby back ayy couple racks ayy couple Grammys on him,Latin
349,Stand by Me (Spanish),Prince Royce,2018,Tastes like strawberries on a summer evenin',Latin
350,Darte un Beso,Prince Royce,2011,"Baila, baila, baila conmigo esta noche",Latin
351,Vente Pa' Ca,Ricky Martin & Maluma,2022,Did a full 180 crazy thinking bout the way I was,Latin
352,La Bicicleta,Carlos Vives & Shakira,2017,"Dale, dale, dale, no pares",Latin
353,Me Enamora,Juanes,2018,It's me hi I'm the problem it's me,Latin
354,A Dios Le Pido,Juanes,2023,When I'm away from you I'm happier than ever,Latin
355,Fotografía,Juanes ft. Nelly Furtado,2011,You know it's not the same as it was,Latin
356,La Rompe Corazones,Daddy Yankee & Ozuna,2023,There ain't no gold in this river,Latin
357,Amorfoda,Bad Bunny,2012,White shirt now red my bloody nose,Latin
358,Solita,Bad Bunny,2024,Darte un beso sería todo lo que quiero,Latin
359,No Me Acuerdo,Thalía & Natti Natasha,2019,"Baila, baila, baila conmigo esta noche",Latin
360,La Gozadera,Gente de Zona & Marc Anthony,2020,Baby back ayy couple racks ayy couple Grammys on him,Latin
361,Carnaval,Maluma,2020,Darte un beso sería todo lo que quiero,Latin
362,Yo Perreo Sola,Bad Bunny,2017,Did a full 180 crazy thinking bout the way I was,Latin
363,Adan y Eva,Paulo Londra,2017,Baby back ayy couple racks ayy couple Grammys on him,Latin
364,Te Boté,"Nio Garcia, Darell, Casper Magico, Bad Bunny",2012,I like it when you call me señorita,Latin
365,Súbeme la Radio,Enrique Iglesias,2014,Tastes like strawberries on a summer evenin',Latin
366,Ella Quiere Beber,Anuel AA & Romeo Santos,2015,Never mind I'll find someone like you,Latin
367,Chantaje,Shakira ft. Maluma,2014,You know it's not the same as it was,Latin
368,Prohibido,Karol G,2024,When I'm away from you I'm happier than ever,Latin
369,Ritmo,Black Eyed Peas & J Balvin,2016,Did a full 180 crazy thinking bout the way I was,Latin
370,Bonita,Jowell & Randy & J Balvin,2022,There's a fire starting in my heart,Latin
371,Despacito,Luis Fonsi ft. Daddy Yankee,2011,There's a fire starting in my heart,Latin
372,Tusa,KAROL G & Nicki Minaj,2022,Darte un beso sería todo lo que quiero,Latin
373,Gasolina,Daddy Yankee,2022,"Dale, dale, dale, no pares",Latin
374,Dákiti,Bad Bunny & Jhay Cortez,2012,"Dale, dale, dale, no pares",Latin
375,La Canción,J Balvin & Bad Bunny,2024,Darte un beso sería todo lo que quiero,Latin
376,Baila Baila Baila,Ozuna,2016,I saw you dancing in a crowded room,Latin
377,Hawái,Maluma,2020,I saw you dancing in a crowded room,Latin
378,Felices los 4,Maluma,2022,White shirt now red my bloody nose,Latin
379,Vivir Mi Vida,Marc Anthony,2023,If you wanna run away with me I know a galaxy,Latin
380,Mi Gente,J Balvin & Willy William,2016,"No me acuerdo de tu nombre, baby",Latin
381,I Like It,"Cardi B, Bad Bunny & J Balvin",2011,Te boté pa' que sepas que tú no eres pa' mí,Latin
382,Provenza,Karol G,2018,I do the same thing I told you that I never would,Latin
383,Propuesta Indecente,Romeo Santos,2022,"Baila, baila, baila conmigo esta noche",Latin
384,Borro Cassette,Maluma,2015,If you wanna run away with me I know a galaxy,Latin
385,Mia,Bad Bunny ft. Drake,2012,Vivir mi vida la la la la,Latin
386,Callaita,Bad Bunny,2018,I found a love for me darling just dive right in,Latin
387,Criminal,Natti Natasha & Ozuna,2018,The club isn't the best place to find a lover,Latin
388,Danza Kuduro,Don Omar,2013,It's me hi I'm the problem it's me,Latin
389,El Perdón,Nicky Jam & Enrique Iglesias,2014,I saw you dancing in a crowded room,Latin
390,Felices los 4,Maluma,2010,"Baila, baila, baila conmigo esta noche",Latin
391,Ahora Me Llama,Karol G & Bad Bunny,2020,Darte un beso sería todo lo que quiero,Latin
392,Safaera,Bad Bunny,2022,"Dale, dale, dale, no pares",Latin
393,China,"Anuel AA, Daddy Yankee, Karol G, Ozuna & J Balvin",2017,It's me hi I'm the problem it's me,Latin
394,Ella y Yo,Don Omar & Aventura,2022,Tastes like strawberries on a summer evenin',Latin
395,Mayores,Becky G ft. Bad Bunny,2017,"Yo perreo sola, sola, sola, sola",Latin
396,Loco Contigo,"DJ Snake, J Balvin & Tyga",2011,I do the same thing I told you that I never would,Latin
397,Mocca,Shakira,2016,Baby back ayy couple racks ayy couple Grammys on him,Latin
398,Waka Waka,Shakira,2020,Yeah I've been tryna call I've been on my own for long enough,Latin
399,"Whenever, Wherever",Shakira,2014,The club isn't the best place to find a lover,Latin
400,La bicicleta,Shakira & Carlos Vives,2015,Súbeme la radio que esta es mi canción,Latin
401,Tusa,Karol G & Nicki Minaj,2020,White shirt now red my bloody nose,Latin
402,Me Gusta,Anitta & Cardi B & Myke Towers,2017,I saw you dancing in a crowded room,Latin
403,Caraluna,Bacilos,2021,I do the same thing I told you that I never would,Latin
404,Rayando el Sol,Maná,2014,Te boté pa' que sepas que tú no eres pa' mí,Latin
405,Labios Compartidos,Maná,2011,Hate to give the satisfaction asking how you're doing now,Latin
406,Eres,Café Tacvba,2011,White shirt now red my bloody nose,Latin
407,Bailando,Enrique Iglesias,2021,"Dale, dale, dale, no pares",Latin
408,Darte un Beso,Prince Royce,2021,"Yo perreo sola, sola, sola, sola",Latin
409,Stand by Me (Spanish),Prince Royce,2011,Baby back ayy couple racks ayy couple Grammys on him,Latin
410,Darte un Beso,Prince Royce,2022,There ain't no gold in this river,Latin
411,Vente Pa' Ca,Ricky Martin & Maluma,2024,Never mind I'll find someone like you,Latin
412,La Bicicleta,Carlos Vives & Shakira,2021,White shirt now red my bloody nose,Latin
413,Me Enamora,Juanes,2016,Hate to give the satisfaction asking how you're doing now,Latin
414,A Dios Le Pido,Juanes,2019,There ain't no gold in this river,Latin
415,Fotografía,Juanes ft. Nelly Furtado,2023,It's me hi I'm the problem it's me,Latin
416,La Rompe Corazones,Daddy Yankee & Ozuna,2010,"Yo perreo sola, sola, sola, sola",Latin
417,Amorfoda,Bad Bunny,2014,You know it's not the same as it was,Latin
418,Solita,Bad Bunny,2022,I like it when you call me señorita,Latin
419,No Me Acuerdo,Thalía & Natti Natasha,2013,Never mind I'll find someone like you,Latin
420,La Gozadera,Gente de Zona & Marc Anthony,2012,Te boté pa' que sepas que tú no eres pa' mí,Latin
421,Carnaval,Maluma,2017,It's me hi I'm the problem it's me,Latin
422,Yo Perreo Sola,Bad Bunny,2021,"No me acuerdo de tu nombre, baby",Latin
423,Adan y Eva,Paulo Londra,2010,"Dale, dale, dale, no pares",Latin
424,Te Boté,"Nio Garcia, Darell, Casper Magico, Bad Bunny",2018,There's a fire starting in my heart,Latin
425,Súbeme la Radio,Enrique Iglesias,2010,"Yo perreo sola, sola, sola, sola",Latin
426,Ella Quiere Beber,Anuel AA & Romeo Santos,2017,The club isn't the best place to find a lover,Latin
427,Chantaje,Shakira ft. Maluma,2018,"Yo perreo sola, sola, sola, sola",Latin
428,Prohibido,Karol G,2017,Darte un beso sería todo lo que quiero,Latin
429,Ritmo,Black Eyed Peas & J Balvin,2013,When I'm away from you I'm happier than ever,Latin
430,Bonita,Jowell & Randy & J Balvin,2011,I like it when you call me señorita,Latin
431,Despacito,Luis Fonsi ft. Daddy Yankee,2019,It's me hi I'm the problem it's me,Latin
432,Tusa,KAROL G & Nicki Minaj,2020,Did a full 180 crazy thinking bout the way I was,Latin
433,Gasolina,Daddy Yankee,2024,"Yo perreo sola, sola, sola, sola",Latin
434,Dákiti,Bad Bunny & Jhay Cortez,2023,White shirt now red my bloody nose,Latin
435,La Canción,J Balvin & Bad Bunny,2023,"No me acuerdo de tu nombre, baby",Latin
436,Baila Baila Baila,Ozuna,2014,I love it when you call me señorita,Latin
437,Hawái,Maluma,2012,Yeah I've been tryna call I've been on my own for long enough,Latin
438,Felices los 4,Maluma,2018,"Baila, baila, baila conmigo esta noche",Latin
439,Vivir Mi Vida,Marc Anthony,2023,I got my peaches out in Georgia,Latin
440,Mi Gente,J Balvin & Willy William,2016,It's me hi I'm the problem it's me,Latin
441,I Like It,"Cardi B, Bad Bunny & J Balvin",2020,Did a full 180 crazy thinking bout the way I was,Latin
442,Provenza,Karol G,2010,It's me hi I'm the problem it's me,Latin
443,Propuesta Indecente,Romeo Santos,2016,There's a fire starting in my heart,Latin
444,Borro Cassette,Maluma,2018,It's me hi I'm the problem it's me,Latin
445,Mia,Bad Bunny ft. Drake,2022,There ain't no gold in this river,Latin
446,Callaita,Bad Bunny,2015,White shirt now red my bloody nose,Latin
447,Criminal,Natti Natasha & Ozuna,2014,"Baila, baila, baila conmigo esta noche",Latin
448,Danza Kuduro,Don Omar,2019,Yeah I've been tryna call I've been on my own for long enough,Latin
449,El Perdón,Nicky Jam & Enrique Iglesias,2014,Tastes like strawberries on a summer evenin',Latin
450,Felices los 4,Maluma,2018,Estoy enamorado de tu sonrisa,Latin
451,Ahora Me Llama,Karol G & Bad Bunny,2020,Yeah I've been tryna call I've been on my own for long enough,Latin
452,Safaera,Bad Bunny,2021,I found a love for me darling just dive right in,Latin
453,China,"Anuel AA, Daddy Yankee, Karol G, Ozuna & J Balvin",2012,Estoy enamorado de tu sonrisa,Latin
454,Ella y Yo,Don Omar & Aventura,2019,I got my peaches out in Georgia,Latin
455,Mayores,Becky G ft. Bad Bunny,2012,Tastes like strawberries on a summer evenin',Latin
456,Loco Contigo,"DJ Snake, J Balvin & Tyga",2014,"Baila, baila, baila conmigo esta noche",Latin
457,Mocca,Shakira,2017,There's a fire starting in my heart,Latin
458,Waka Waka,Shakira,2021,You know it's not the same as it was,Latin
459,"Whenever, Wherever",Shakira,2020,"No me acuerdo de tu nombre, baby",Latin
460,La bicicleta,Shakira & Carlos Vives,2020,Baby back ayy couple racks ayy couple Grammys on him,Latin
461,Tusa,Karol G & Nicki Minaj,2018,If you wanna run away with me I know a galaxy,Latin
462,Me Gusta,Anitta & Cardi B & Myke Towers,2023,When I'm away from you I'm happier than ever,Latin
463,Caraluna,Bacilos,2021,Te boté pa' que sepas que tú no eres pa' mí,Latin
464,Rayando el Sol,Maná,2015,I can buy myself flowers,Latin
465,Labios Compartidos,Maná,2015,Te boté pa' que sepas que tú no eres pa' mí,Latin
466,Eres,Café Tacvba,2021,"Baila, baila, baila conmigo esta noche",Latin
467,Bailando,Enrique Iglesias,2013,"Dale, dale, dale, no pares",Latin
468,Darte un Beso,Prince Royce,2020,"Yo perreo sola, sola, sola, sola",Latin
469,Stand by Me (Spanish),Prince Royce,2024,There's a fire starting in my heart,Latin
470,Darte un Beso,Prince Royce,2014,I saw you dancing in a crowded room,Latin
471,Vente Pa' Ca,Ricky Martin & Maluma,2017,I love it when you call me señorita,Latin
472,La Bicicleta,Carlos Vives & Shakira,2020,I can buy myself flowers,Latin
473,Me Enamora,Juanes,2014,Yeah I've been tryna call I've been on my own for long enough,Latin
474,A Dios Le Pido,Juanes,2012,Vivir mi vida la la la la,Latin
475,Fotografía,Juanes ft. Nelly Furtado,2016,Never mind I'll find someone like you,Latin
476,La Rompe Corazones,Daddy Yankee & Ozuna,2022,If you wanna run away with me I know a galaxy,Latin
477,Amorfoda,Bad Bunny,2022,Darte un beso sería todo lo que quiero,Latin
478,Solita,Bad Bunny,2020,I found a love for me darling just dive right in,Latin
479,No Me Acuerdo,Thalía & Natti Natasha,2021,"Dale, dale, dale, no pares",Latin
480,La Gozadera,Gente de Zona & Marc Anthony,2022,Darte un beso sería todo lo que quiero,Latin
481,Carnaval,Maluma,2013,Te boté pa' que sepas que tú no eres pa' mí,Latin
482,Yo Perreo Sola,Bad Bunny,2017,I saw you dancing in a crowded room,Latin
483,Adan y Eva,Paulo Londra,2022,The club isn't the best place to find a lover,Latin
484,Te Boté,"Nio Garcia, Darell, Casper Magico, Bad Bunny",2017,Te boté pa' que sepas que tú no eres pa' mí,Latin
485,Súbeme la Radio,Enrique Iglesias,2023,Te boté pa' que sepas que tú no eres pa' mí,Latin
486,Ella Quiere Beber,Anuel AA & Romeo Santos,2023,Yeah I've been tryna call I've been on my own for long enough,Latin
487,Chantaje,Shakira ft. Maluma,2020,Hate to give the satisfaction asking how you're doing now,Latin
488,Prohibido,Karol G,2010,I can buy myself flowers,Latin
489,Ritmo,Black Eyed Peas & J Balvin,2022,When I'm away from you I'm happier than ever,Latin
490,Bonita,Jowell & Randy & J Balvin,2017,Hate to give the satisfaction asking how you're doing now,Latin
491,Despacito,Luis Fonsi ft. Daddy Yankee,2024,Hate to give the satisfaction asking how you're doing now,Latin
492,Tusa,KAROL G & Nicki Minaj,2024,I saw you dancing in a crowded room,Latin
493,Gasolina,Daddy Yankee,2016,White shirt now red my bloody nose,Latin
494,Dákiti,Bad Bunny & Jhay Cortez,2012,Te boté pa' que sepas que tú no eres pa' mí,Latin
495,La Canción,J Balvin & Bad Bunny,2013,"Baila, baila, baila conmigo esta noche",Latin
496,Baila Baila Baila,Ozuna,2017,The club isn't the best place to find a lover,Latin
497,Hawái,Maluma,2023,Baby back ayy couple racks ayy couple Grammys on him,Latin
498,Felices los 4,Maluma,2021,You know it's not the same as it was,Latin
499,Vivir Mi Vida,Marc Anthony,2023,When I'm away from you I'm happier than ever,Latin
500,Mi Gente,J Balvin & Willy William,2010,I do the same thing I told you that I never would,Latin
